noisy_romaji	kanji	clean_romaji	typo_distance	romaji_style
kyou	今日	kyou	0	hepburn
kyu	今日	kyou	1	hepburn
kou	今日	kyou	2	hepburn
mkyiu	今日	kyou	3	hepburn
kyou	今日	kyou	0	kunrei
kyoi	今日	kyou	1	kunrei
kyy	今日	kyou	2	kunrei
klou	今日	kyou	3	kunrei
kyou	今日	kyou	0	waapuro
lkyou	今日	kyou	1	waapuro
krtou	今日	kyou	2	waapuro
kjyouy	今日	kyou	3	waapuro
hare	晴れ	hare	0	hepburn
hae	晴れ	hare	1	hepburn
haredr	晴れ	hare	2	hepburn
krae	晴れ	hare	3	hepburn
hare	晴れ	hare	0	kunrei
hre	晴れ	hare	1	kunrei
aer	晴れ	hare	2	kunrei
uhar	晴れ	hare	3	kunrei
hare	晴れ	hare	0	waapuro
hzare	晴れ	hare	1	waapuro
uzare	晴れ	hare	2	waapuro
atre	晴れ	hare	3	waapuro
asu	明日	asu	0	hepburn
aus	明日	asu	1	hepburn
suh	明日	asu	2	hepburn
	明日	asu	3	hepburn
asu	明日	asu	0	kunrei
sau	明日	asu	1	kunrei
ae	明日	asu	2	kunrei
as	明日	asu	3	kunrei
asu	明日	asu	0	waapuro
asy	明日	asu	1	waapuro
was	明日	asu	2	waapuro
yus	明日	asu	3	waapuro
ame	雨	ame	0	hepburn
amr	雨	ame	1	hepburn
ae	雨	ame	2	hepburn
aemw	雨	ame	3	hepburn
ame	雨	ame	0	kunrei
am	雨	ame	1	kunrei
mad	雨	ame	2	kunrei
a	雨	ame	3	kunrei
ame	雨	ame	0	waapuro
akme	雨	ame	1	waapuro
maw	雨	ame	2	waapuro
qame	雨	ame	3	waapuro
furu	降る	furu	0	hepburn
fuur	降る	furu	1	hepburn
fru	降る	furu	2	hepburn
fur	降る	furu	3	hepburn
huru	降る	huru	0	kunrei
uru	降る	huru	1	kunrei
hu	降る	huru	2	kunrei
uueu	降る	huru	3	kunrei
huru	降る	huru	0	waapuro
hur	降る	huru	1	waapuro
hiu	降る	huru	2	waapuro
hyuuy	降る	huru	3	waapuro
nippon	日本	nippon	0	hepburn
nipon	日本	nippon	1	hepburn
nippon	日本	nippon	2	hepburn
npkiopn	日本	nippon	3	hepburn
nippon	日本	nippon	0	kunrei
nippon	日本	nippon	1	kunrei
pnipon	日本	nippon	2	kunrei
onppon	日本	nippon	3	kunrei
nippon	日本	nippon	0	waapuro
bnippon	日本	nippon	1	waapuro
nppojn	日本	nippon	2	waapuro
nipplo	日本	nippon	3	waapuro
go	語	go	0	hepburn
yo	語	go	1	hepburn
ogl	語	go	2	hepburn
l	語	go	3	hepburn
go	語	go	0	kunrei
g	語	go	1	kunrei
pog	語	go	2	kunrei
t	語	go	3	kunrei
go	語	go	0	waapuro
vgo	語	go	1	waapuro
bgl	語	go	2	waapuro
g	語	go	3	waapuro
manabu	学ぶ	manabu	0	hepburn
manab	学ぶ	manabu	1	hepburn
sanabu	学ぶ	manabu	2	hepburn
mwaabu	学ぶ	manabu	3	hepburn
manabu	学ぶ	manabu	0	kunrei
manabi	学ぶ	manabu	1	kunrei
mzanbu	学ぶ	manabu	2	kunrei
mansbgbu	学ぶ	manabu	3	kunrei
manabu	学ぶ	manabu	0	waapuro
mamnabu	学ぶ	manabu	1	waapuro
manxzbu	学ぶ	manabu	2	waapuro
nmanzbyu	学ぶ	manabu	3	waapuro
tanoshii	楽しい	tanoshii	0	hepburn
twanoshii	楽しい	tanoshii	1	hepburn
yanoshi	楽しい	tanoshii	2	hepburn
gajosjhii	楽しい	tanoshii	3	hepburn
tanosii	楽しい	tanosii	0	kunrei
tajosii	楽しい	tanosii	1	kunrei
tansioi	楽しい	tanosii	2	kunrei
tabnoskik	楽しい	tanosii	3	kunrei
tanoshii	楽しい	tanoshii	0	waapuro
taoshii	楽しい	tanoshii	1	waapuro
tanosyhi	楽しい	tanoshii	2	waapuro
fnaohii	楽しい	tanoshii	3	waapuro
toukyou	東京	toukyou	0	hepburn
toukoyu	東京	toukyou	1	hepburn
toukhpou	東京	toukyou	2	hepburn
touhkou	東京	toukyou	3	hepburn
toukyou	東京	toukyou	0	kunrei
touoyou	東京	toukyou	1	kunrei
rohkyou	東京	toukyou	2	kunrei
okyu	東京	toukyou	3	kunrei
toukyou	東京	toukyou	0	waapuro
tlukyou	東京	toukyou	1	waapuro
toiykyou	東京	toukyou	2	waapuro
tkokhyou	東京	toukyou	3	waapuro
sun	住ん	sun	0	hepburn
asun	住ん	sun	1	hepburn
zsu	住ん	sun	2	hepburn
asuv	住ん	sun	3	hepburn
sun	住ん	sun	0	kunrei
sn	住ん	sun	1	kunrei
hn	住ん	sun	2	kunrei
sxjn	住ん	sun	3	kunrei
sun	住ん	sun	0	waapuro
un	住ん	sun	1	waapuro
smn	住ん	sun	2	waapuro
suhu	住ん	sun	3	waapuro
kyouto	京都	kyouto	0	hepburn
jkyouto	京都	kyouto	1	hepburn
kyoutoi	京都	kyouto	2	hepburn
ykoupot	京都	kyouto	3	hepburn
kyouto	京都	kyouto	0	kunrei
kyoutio	京都	kyouto	1	kunrei
kyuo	京都	kyouto	2	kunrei
youtk	京都	kyouto	3	kunrei
kyouto	京都	kyouto	0	waapuro
khyouto	京都	kyouto	1	waapuro
kyotok	京都	kyouto	2	waapuro
mkgoutp	京都	kyouto	3	waapuro
tera	寺	tera	0	hepburn
tefra	寺	tera	1	hepburn
taer	寺	tera	2	hepburn
tsrqsa	寺	tera	3	hepburn
tera	寺	tera	0	kunrei
trea	寺	tera	1	kunrei
etr	寺	tera	2	kunrei
fwsera	寺	tera	3	kunrei
tera	寺	tera	0	waapuro
tear	寺	tera	1	waapuro
tre	寺	tera	2	waapuro
yefra	寺	tera	3	waapuro
utsukushii	美しい	utsukushii	0	hepburn
uytsukushii	美しい	utsukushii	1	hepburn
utsuikushkii	美しい	utsukushii	2	hepburn
utskusgiio	美しい	utsukushii	3	hepburn
utukusii	美しい	utukusii	0	kunrei
uyukusii	美しい	utukusii	1	kunrei
yuutkusii	美しい	utukusii	2	kunrei
utulkydsii	美しい	utukusii	3	kunrei
utukushii	美しい	utukushii	0	waapuro
tukushii	美しい	utukushii	1	waapuro
utuskhii	美しい	utukushii	2	waapuro
utykhsuhii	美しい	utukushii	3	waapuro
watakushi	私	watakushi	0	hepburn
watkushi	私	watakushi	1	hepburn
watzakuhi	私	watakushi	2	hepburn
sewtaakushi	私	watakushi	3	hepburn
watakusi	私	watakusi	0	kunrei
watakisi	私	watakusi	1	kunrei
satqakusi	私	watakusi	2	kunrei
wsatakuosi	私	watakusi	3	kunrei
watakushi	私	watakushi	0	waapuro
watakuzshi	私	watakushi	1	waapuro
atakshi	私	watakushi	2	waapuro
watakudsih	私	watakushi	3	waapuro
gakusei	学生	gakusei	0	hepburn
gkausei	学生	gakusei	1	hepburn
gaukseoi	学生	gakusei	2	hepburn
gakhuse	学生	gakusei	3	hepburn
gakusei	学生	gakusei	0	kunrei
gaokusei	学生	gakusei	1	kunrei
gzkuesi	学生	gakusei	2	kunrei
hgakiusi	学生	gakusei	3	kunrei
gakusei	学生	gakusei	0	waapuro
gwkusei	学生	gakusei	1	waapuro
gakhuswi	学生	gakusei	2	waapuro
tgauaei	学生	gakusei	3	waapuro
asagohan	朝ご飯	asagohan	0	hepburn
saagohan	朝ご飯	asagohan	1	hepburn
wsaglhan	朝ご飯	asagohan	2	hepburn
qsaoghamn	朝ご飯	asagohan	3	hepburn
asagohan	朝ご飯	asagohan	0	kunrei
asagoyhan	朝ご飯	asagohan	1	kunrei
aasgoban	朝ご飯	asagohan	2	kunrei
asakhan	朝ご飯	asagohan	3	kunrei
asagohan	朝ご飯	asagohan	0	waapuro
aasgohan	朝ご飯	asagohan	1	waapuro
saasgohan	朝ご飯	asagohan	2	waapuro
aswghon	朝ご飯	asagohan	3	waapuro
tabe	食べ	tabe	0	hepburn
fabe	食べ	tabe	1	hepburn
tbqe	食べ	tabe	2	hepburn
tez	食べ	tabe	3	hepburn
tabe	食べ	tabe	0	kunrei
tab	食べ	tabe	1	kunrei
ateb	食べ	tabe	2	kunrei
tq	食べ	tabe	3	kunrei
tabe	食べ	tabe	0	waapuro
tabde	食べ	tabe	1	waapuro
atve	食べ	tabe	2	waapuro
qhbe	食べ	tabe	3	waapuro
suki	好き	suki	0	hepburn
dsuki	好き	suki	1	hepburn
sui	好き	suki	2	hepburn
ukoj	好き	suki	3	hepburn
suki	好き	suki	0	kunrei
skui	好き	suki	1	kunrei
suikj	好き	suki	2	kunrei
shjui	好き	suki	3	kunrei
suki	好き	suki	0	waapuro
suji	好き	suki	1	waapuro
sujk	好き	suki	2	waapuro
slk	好き	suki	3	waapuro
atarashii	新しい	atarashii	0	hepburn
atarashik	新しい	atarashii	1	hepburn
aatrasihi	新しい	atarashii	2	hepburn
aarajii	新しい	atarashii	3	hepburn
atarasii	新しい	atarasii	0	kunrei
atarasiui	新しい	atarasii	1	kunrei
satarsaii	新しい	atarasii	2	kunrei
ataesii	新しい	atarasii	3	kunrei
atarashii	新しい	atarashii	0	waapuro
artarashii	新しい	atarashii	1	waapuro
atarhii	新しい	atarashii	2	waapuro
atarashi	新しい	atarashii	3	waapuro
hon	本	hon	0	hepburn
hkon	本	hon	1	hepburn
oyhn	本	hon	2	hepburn
gon	本	hon	3	hepburn
hon	本	hon	0	kunrei
hoh	本	hon	1	kunrei
ihon	本	hon	2	kunrei
uok	本	hon	3	kunrei
hon	本	hon	0	waapuro
jon	本	hon	1	waapuro
h	本	hon	2	waapuro
omh	本	hon	3	waapuro
kai	買い	kai	0	hepburn
kzi	買い	kai	1	hepburn
zki	買い	kai	2	hepburn
ai	買い	kai	3	hepburn
kai	買い	kai	0	kunrei
ka	買い	kai	1	kunrei
kiqa	買い	kai	2	kunrei
aij	買い	kai	3	kunrei
kai	買い	kai	0	waapuro
kzai	買い	kai	1	waapuro
kki	買い	kai	2	waapuro
mik	買い	kai	3	waapuro
kinou	昨日	kinou	0	hepburn
kinoj	昨日	kinou	1	hepburn
kijnoy	昨日	kinou	2	hepburn
kkinoi	昨日	kinou	3	hepburn
kinou	昨日	kinou	0	kunrei
iknou	昨日	kinou	1	kunrei
oknou	昨日	kinou	2	kunrei
oibuo	昨日	kinou	3	kunrei
kinou	昨日	kinou	0	waapuro
kinlu	昨日	kinou	1	waapuro
kinojh	昨日	kinou	2	waapuro
ikjnoyu	昨日	kinou	3	waapuro
eiga	映画	eiga	0	hepburn
eigaq	映画	eiga	1	hepburn
egiw	映画	eiga	2	hepburn
sgaz	映画	eiga	3	hepburn
eiga	映画	eiga	0	kunrei
eiva	映画	eiga	1	kunrei
eitg	映画	eiga	2	kunrei
eka	映画	eiga	3	kunrei
eiga	映画	eiga	0	waapuro
ega	映画	eiga	1	waapuro
eiafg	映画	eiga	2	waapuro
igqa	映画	eiga	3	waapuro
omoshirokatsu	面白かっ	omoshirokatsu	0	hepburn
omoshifokatsu	面白かっ	omoshirokatsu	1	hepburn
pmoshirkatsu	面白かっ	omoshirokatsu	2	hepburn
oomshierokatzsu	面白かっ	omoshirokatsu	3	hepburn
omosirokatsu	面白かっ	omosirokatsu	0	kunrei
omosirokatsi	面白かっ	omosirokatsu	1	kunrei
omoskrokatdu	面白かっ	omosirokatsu	2	kunrei
moosirolkatu	面白かっ	omosirokatsu	3	kunrei
omoshirokatsu	面白かっ	omoshirokatsu	0	waapuro
omoshiorkatsu	面白かっ	omoshirokatsu	1	waapuro
omohsirkoatsu	面白かっ	omoshirokatsu	2	waapuro
ompshirkaytsu	面白かっ	omoshirokatsu	3	waapuro
densha	電車	densha	0	hepburn
ensha	電車	densha	1	hepburn
ndesha	電車	densha	2	hepburn
eddha	電車	densha	3	hepburn
densya	電車	densya	0	kunrei
desnya	電車	densya	1	kunrei
enstya	電車	densya	2	kunrei
nrdesya	電車	densya	3	kunrei
densya	電車	densya	0	waapuro
desnya	電車	densya	1	waapuro
densty	電車	densya	2	waapuro
densays	電車	densya	3	waapuro
okure	遅れ	okure	0	hepburn
okrue	遅れ	okure	1	hepburn
koudre	遅れ	okure	2	hepburn
okuger	遅れ	okure	3	hepburn
okure	遅れ	okure	0	kunrei
okrue	遅れ	okure	1	kunrei
okiee	遅れ	okure	2	kunrei
iokoure	遅れ	okure	3	kunrei
okure	遅れ	okure	0	waapuro
okuer	遅れ	okure	1	waapuro
kue	遅れ	okure	2	waapuro
okyudre	遅れ	okure	3	waapuro
tomodachi	友達	tomodachi	0	hepburn
tomodach	友達	tomodachi	1	hepburn
todmachi	友達	tomodachi	2	hepburn
oftmodacih	友達	tomodachi	3	hepburn
tomodati	友達	tomodati	0	kunrei
tomodatik	友達	tomodati	1	kunrei
tomodqqati	友達	tomodati	2	kunrei
ytoomadti	友達	tomodati	3	kunrei
tomodati	友達	tomodati	0	waapuro
tlomodati	友達	tomodati	1	waapuro
tmodati	友達	tomodati	2	waapuro
tlmpdti	友達	tomodati	3	waapuro
issho	一緒	issho	0	hepburn
ssho	一緒	issho	1	hepburn
sho	一緒	issho	2	hepburn
sso	一緒	issho	3	hepburn
issyo	一緒	issyo	0	kunrei
issoy	一緒	issyo	1	kunrei
uissyo	一緒	issyo	2	kunrei
isyomk	一緒	issyo	3	kunrei
issyo	一緒	issyo	0	waapuro
isyo	一緒	issyo	1	waapuro
jsyso	一緒	issyo	2	waapuro
issgo	一緒	issyo	3	waapuro
ryokou	旅行	ryokou	0	hepburn
ryiokou	旅行	ryokou	1	hepburn
rhyokoiu	旅行	ryokou	2	hepburn
yoou	旅行	ryokou	3	hepburn
ryokou	旅行	ryokou	0	kunrei
ryoou	旅行	ryokou	1	kunrei
rykou	旅行	ryokou	2	kunrei
rtokouu	旅行	ryokou	3	kunrei
ryokou	旅行	ryokou	0	waapuro
ryolou	旅行	ryokou	1	waapuro
rooku	旅行	ryokou	2	waapuro
rokuo	旅行	ryokou	3	waapuro
iki	行き	iki	0	hepburn
iik	行き	iki	1	hepburn
ihji	行き	iki	2	hepburn
ijiko	行き	iki	3	hepburn
iki	行き	iki	0	kunrei
kii	行き	iki	1	kunrei
i	行き	iki	2	kunrei
iiik	行き	iki	3	kunrei
iki	行き	iki	0	waapuro
ilki	行き	iki	1	waapuro
okk	行き	iki	2	waapuro
i	行き	iki	3	waapuro
shuumatsu	週末	shuumatsu	0	hepburn
shuuatsu	週末	shuumatsu	1	hepburn
shujamtsu	週末	shuumatsu	2	hepburn
snhuymatsju	週末	shuumatsu	3	hepburn
syuumatu	週末	syuumatu	0	kunrei
ysuumatu	週末	syuumatu	1	kunrei
xyuumaut	週末	syuumatu	2	kunrei
suumqatu	週末	syuumatu	3	kunrei
syuumatu	週末	syuumatu	0	waapuro
syumatu	週末	syuumatu	1	waapuro
yuyumatu	週末	syuumatu	2	waapuro
shuumtau	週末	syuumatu	3	waapuro
tosho	図書	tosho	0	hepburn
fosho	図書	tosho	1	hepburn
todzsho	図書	tosho	2	hepburn
ftuisho	図書	tosho	3	hepburn
tosyo	図書	tosyo	0	kunrei
otsyo	図書	tosyo	1	kunrei
roeyo	図書	tosyo	2	kunrei
otsykk	図書	tosyo	3	kunrei
tosyo	図書	tosyo	0	waapuro
toxyo	図書	tosyo	1	waapuro
ysoyo	図書	tosyo	2	waapuro
tisypo	図書	tosyo	3	waapuro
kan	館	kan	0	hepburn
akn	館	kan	1	hepburn
a	館	kan	2	hepburn
sakh	館	kan	3	hepburn
kan	館	kan	0	kunrei
kna	館	kan	1	kunrei
kqna	館	kan	2	kunrei
an	館	kan	3	kunrei
kan	館	kan	0	waapuro
ka	館	kan	1	waapuro
kamb	館	kan	2	waapuro
ahj	館	kan	3	waapuro
benkyou	勉強	benkyou	0	hepburn
enkyou	勉強	benkyou	1	hepburn
enkypu	勉強	benkyou	2	hepburn
venkylpu	勉強	benkyou	3	hepburn
benkyou	勉強	benkyou	0	kunrei
benyou	勉強	benkyou	1	kunrei
brnykou	勉強	benkyou	2	kunrei
bnelkou	勉強	benkyou	3	kunrei
benkyou	勉強	benkyou	0	waapuro
benkoyu	勉強	benkyou	1	waapuro
heniyou	勉強	benkyou	2	waapuro
bekoyuh	勉強	benkyou	3	waapuro
natsu	夏	natsu	0	hepburn
ntasu	夏	natsu	1	hepburn
ntasj	夏	natsu	2	hepburn
as	夏	natsu	3	hepburn
natu	夏	natu	0	kunrei
natj	夏	natu	1	kunrei
nauy	夏	natu	2	kunrei
na	夏	natu	3	kunrei
natu	夏	natu	0	waapuro
naru	夏	natu	1	waapuro
bztu	夏	natu	2	waapuro
natui	夏	natu	3	waapuro
umi	海	umi	0	hepburn
um	海	umi	1	hepburn
umi	海	umi	2	hepburn
in	海	umi	3	hepburn
umi	海	umi	0	kunrei
umo	海	umi	1	kunrei
ujui	海	umi	2	kunrei
juik	海	umi	3	kunrei
umi	海	umi	0	waapuro
um	海	umi	1	waapuro
ium	海	umi	2	waapuro
hujk	海	umi	3	waapuro
oyogi	泳ぎ	oyogi	0	hepburn
ohyogi	泳ぎ	oyogi	1	hepburn
oyvoi	泳ぎ	oyogi	2	hepburn
logui	泳ぎ	oyogi	3	hepburn
oyogi	泳ぎ	oyogi	0	kunrei
poyogi	泳ぎ	oyogi	1	kunrei
yogi	泳ぎ	oyogi	2	kunrei
ohuyoig	泳ぎ	oyogi	3	kunrei
oyogi	泳ぎ	oyogi	0	waapuro
ouogi	泳ぎ	oyogi	1	waapuro
kouogi	泳ぎ	oyogi	2	waapuro
ogyogh	泳ぎ	oyogi	3	waapuro
fuyu	冬	fuyu	0	hepburn
fuuy	冬	fuyu	1	hepburn
fyyu	冬	fuyu	2	hepburn
fjuuy	冬	fuyu	3	hepburn
huyu	冬	huyu	0	kunrei
hhuyu	冬	huyu	1	kunrei
uyju	冬	huyu	2	kunrei
ugyuj	冬	huyu	3	kunrei
huyu	冬	huyu	0	waapuro
huy	冬	huyu	1	waapuro
jyu	冬	huyu	2	waapuro
uny	冬	huyu	3	waapuro
yuki	雪	yuki	0	hepburn
yui	雪	yuki	1	hepburn
yku	雪	yuki	2	hepburn
tgiki	雪	yuki	3	hepburn
yuki	雪	yuki	0	kunrei
yui	雪	yuki	1	kunrei
uik	雪	yuki	2	kunrei
yuykio	雪	yuki	3	kunrei
yuki	雪	yuki	0	waapuro
yui	雪	yuki	1	waapuro
uylki	雪	yuki	2	waapuro
ui	雪	yuki	3	waapuro
furi	降り	furi	0	hepburn
uri	降り	furi	1	hepburn
fuo	降り	furi	2	hepburn
fitik	降り	furi	3	hepburn
huri	降り	huri	0	kunrei
hhri	降り	huri	1	kunrei
ghuir	降り	huri	2	kunrei
hryj	降り	huri	3	kunrei
huri	降り	huri	0	waapuro
huir	降り	huri	1	waapuro
hfi	降り	huri	2	waapuro
uhui	降り	huri	3	waapuro
eki	駅	eki	0	hepburn
wki	駅	eki	1	hepburn
ejkoi	駅	eki	2	hepburn
kei	駅	eki	3	hepburn
eki	駅	eki	0	kunrei
ek	駅	eki	1	kunrei
rik	駅	eki	2	kunrei
ek	駅	eki	3	kunrei
eki	駅	eki	0	waapuro
kei	駅	eki	1	waapuro
iek	駅	eki	2	waapuro
eiik	駅	eki	3	waapuro
chikaku	近く	chikaku	0	hepburn
cihkaku	近く	chikaku	1	hepburn
chikakjuh	近く	chikaku	2	hepburn
cghkau	近く	chikaku	3	hepburn
tikaku	近く	tikaku	0	kunrei
gtikaku	近く	tikaku	1	kunrei
tikqkh	近く	tikaku	2	kunrei
tikyu	近く	tikaku	3	kunrei
tikaku	近く	tikaku	0	waapuro
ytikaku	近く	tikaku	1	waapuro
tikahk	近く	tikaku	2	waapuro
toialu	近く	tikaku	3	waapuro
atarashii	新しい	atarashii	0	hepburn
atarasihi	新しい	atarashii	1	hepburn
ataraauhii	新しい	atarashii	2	hepburn
atsarsuhii	新しい	atarashii	3	hepburn
atarasii	新しい	atarasii	0	kunrei
atarsii	新しい	atarasii	1	kunrei
ataradxii	新しい	atarasii	2	kunrei
aaerasui	新しい	atarasii	3	kunrei
atarashii	新しい	atarashii	0	waapuro
atarashji	新しい	atarashii	1	waapuro
taaarshii	新しい	atarashii	2	waapuro
tarasuhii	新しい	atarashii	3	waapuro
mise	店	mise	0	hepburn
mies	店	mise	1	hepburn
misawe	店	mise	2	hepburn
kids	店	mise	3	hepburn
mise	店	mise	0	kunrei
mize	店	mise	1	kunrei
is	店	mise	2	kunrei
ies	店	mise	3	kunrei
mise	店	mise	0	waapuro
ise	店	mise	1	waapuro
me	店	mise	2	waapuro
nses	店	mise	3	waapuro
ongaku	音楽	ongaku	0	hepburn
ongwku	音楽	ongaku	1	hepburn
onagu	音楽	ongaku	2	hepburn
nobgau	音楽	ongaku	3	hepburn
ongaku	音楽	ongaku	0	kunrei
ongak	音楽	ongaku	1	kunrei
longauk	音楽	ongaku	2	kunrei
ongsm	音楽	ongaku	3	kunrei
ongaku	音楽	ongaku	0	waapuro
ngaku	音楽	ongaku	1	waapuro
onfgaiu	音楽	ongaku	2	waapuro
ongaikihu	音楽	ongaku	3	waapuro
kiku	聴く	kiku	0	hepburn
ikku	聴く	kiku	1	hepburn
iuk	聴く	kiku	2	hepburn
kuiki	聴く	kiku	3	hepburn
kiku	聴く	kiku	0	kunrei
kikju	聴く	kiku	1	kunrei
ku	聴く	kiku	2	kunrei
kokiuk	聴く	kiku	3	kunrei
kiku	聴く	kiku	0	waapuro
kiiku	聴く	kiku	1	waapuro
iik	聴く	kiku	2	waapuro
kikj	聴く	kiku	3	waapuro
shumi	趣味	shumi	0	hepburn
shmui	趣味	shumi	1	hepburn
humi	趣味	shumi	2	hepburn
shu	趣味	shumi	3	hepburn
syumi	趣味	syumi	0	kunrei
syumo	趣味	syumi	1	kunrei
uumi	趣味	syumi	2	kunrei
ymk	趣味	syumi	3	kunrei
syumi	趣味	syumi	0	waapuro
symui	趣味	syumi	1	waapuro
syi	趣味	syumi	2	waapuro
syjmuui	趣味	syumi	3	waapuro
maiasa	毎朝	maiasa	0	hepburn
aiasa	毎朝	maiasa	1	hepburn
maaas	毎朝	maiasa	2	hepburn
miazaswa	毎朝	maiasa	3	hepburn
maiasa	毎朝	maiasa	0	kunrei
maias	毎朝	maiasa	1	kunrei
mwiaa	毎朝	maiasa	2	kunrei
moqsa	毎朝	maiasa	3	kunrei
maiasa	毎朝	maiasa	0	waapuro
maisaa	毎朝	maiasa	1	waapuro
miaaxa	毎朝	maiasa	2	waapuro
miaa	毎朝	maiasa	3	waapuro
hayaku	早く	hayaku	0	hepburn
hayakyu	早く	hayaku	1	hepburn
hahyku	早く	hayaku	2	hepburn
hgaku	早く	hayaku	3	hepburn
hayaku	早く	hayaku	0	kunrei
hayku	早く	hayaku	1	kunrei
hyaakuj	早く	hayaku	2	kunrei
ahykai	早く	hayaku	3	kunrei
hayaku	早く	hayaku	0	waapuro
hzayaku	早く	hayaku	1	waapuro
haagku	早く	hayaku	2	waapuro
ywaaku	早く	hayaku	3	waapuro
oki	起き	oki	0	hepburn
oko	起き	oki	1	hepburn
ii	起き	oki	2	hepburn
okjj	起き	oki	3	hepburn
oki	起き	oki	0	kunrei
okiu	起き	oki	1	kunrei
kokui	起き	oki	2	kunrei
kuk	起き	oki	3	kunrei
oki	起き	oki	0	waapuro
okij	起き	oki	1	waapuro
kpi	起き	oki	2	waapuro
oki	起き	oki	3	waapuro
sanpo	散歩	sanpo	0	hepburn
sanop	散歩	sanpo	1	hepburn
sammpo	散歩	sanpo	2	hepburn
apo	散歩	sanpo	3	hepburn
sanpo	散歩	sanpo	0	kunrei
sahnpo	散歩	sanpo	1	kunrei
snap	散歩	sanpo	2	kunrei
spno	散歩	sanpo	3	kunrei
sanpo	散歩	sanpo	0	waapuro
sapo	散歩	sanpo	1	waapuro
sanol	散歩	sanpo	2	waapuro
swonp	散歩	sanpo	3	waapuro
kodomo	子供	kodomo	0	hepburn
kodojo	子供	kodomo	1	hepburn
koxmo	子供	kodomo	2	hepburn
koeojom	子供	kodomo	3	hepburn
kodomo	子供	kodomo	0	kunrei
kdoomo	子供	kodomo	1	kunrei
koeoko	子供	kodomo	2	kunrei
oofdimo	子供	kodomo	3	kunrei
kodomo	子供	kodomo	0	waapuro
koodmo	子供	kodomo	1	waapuro
kooom	子供	kodomo	2	waapuro
kormo	子供	kodomo	3	waapuro
kouen	公園	kouen	0	hepburn
koen	公園	kouen	1	hepburn
kun	公園	kouen	2	hepburn
ooeunm	公園	kouen	3	hepburn
kouen	公園	kouen	0	kunrei
okouen	公園	kouen	1	kunrei
koyebn	公園	kouen	2	kunrei
kwoun	公園	kouen	3	kunrei
kouen	公園	kouen	0	waapuro
kohuen	公園	kouen	1	waapuro
kjoen	公園	kouen	2	waapuro
koum	公園	kouen	3	waapuro
ason	遊ん	ason	0	hepburn
axson	遊ん	ason	1	hepburn
osn	遊ん	ason	2	hepburn
amno	遊ん	ason	3	hepburn
ason	遊ん	ason	0	kunrei
zason	遊ん	ason	1	kunrei
aos	遊ん	ason	2	kunrei
ons	遊ん	ason	3	kunrei
ason	遊ん	ason	0	waapuro
saon	遊ん	ason	1	waapuro
asiom	遊ん	ason	2	waapuro
aeno	遊ん	ason	3	waapuro
nippon	日本	nippon	0	hepburn
hnippon	日本	nippon	1	hepburn
jipon	日本	nippon	2	hepburn
nippbin	日本	nippon	3	hepburn
nippon	日本	nippon	0	kunrei
nippoh	日本	nippon	1	kunrei
nkppob	日本	nippon	2	kunrei
bniopppon	日本	nippon	3	kunrei
nippon	日本	nippon	0	waapuro
nppon	日本	nippon	1	waapuro
ipopon	日本	nippon	2	waapuro
nipopn	日本	nippon	3	waapuro
natsu	夏	natsu	0	hepburn
natdsu	夏	natsu	1	hepburn
natzuj	夏	natsu	2	hepburn
naruj	夏	natsu	3	hepburn
natu	夏	natu	0	kunrei
jatu	夏	natu	1	kunrei
nfau	夏	natu	2	kunrei
anuty	夏	natu	3	kunrei
natu	夏	natu	0	waapuro
antu	夏	natu	1	waapuro
nat	夏	natu	2	waapuro
tmau	夏	natu	3	waapuro
atsui	暑い	atsui	0	hepburn
atsu	暑い	atsui	1	hepburn
atfsui	暑い	atsui	2	hepburn
atsuju	暑い	atsui	3	hepburn
atui	暑い	atui	0	kunrei
tui	暑い	atui	1	kunrei
yaui	暑い	atui	2	kunrei
agti	暑い	atui	3	kunrei
atui	暑い	atui	0	waapuro
aftui	暑い	atui	1	waapuro
aftiu	暑い	atui	2	waapuro
wfiu	暑い	atui	3	waapuro
haru	春	haru	0	hepburn
hru	春	haru	1	hepburn
hur	春	haru	2	hepburn
arjhu	春	haru	3	hepburn
haru	春	haru	0	kunrei
haur	春	haru	1	kunrei
hriu	春	haru	2	kunrei
hbarh	春	haru	3	kunrei
haru	春	haru	0	waapuro
hatu	春	haru	1	waapuro
haru	春	haru	2	waapuro
ur	春	haru	3	waapuro
sakura	桜	sakura	0	hepburn
sakutra	桜	sakura	1	hepburn
asiura	桜	sakura	2	hepburn
ksursa	桜	sakura	3	hepburn
sakura	桜	sakura	0	kunrei
samura	桜	sakura	1	kunrei
sakiua	桜	sakura	2	kunrei
smauda	桜	sakura	3	kunrei
sakura	桜	sakura	0	waapuro
sakur	桜	sakura	1	waapuro
sakruaz	桜	sakura	2	waapuro
ssakrua	桜	sakura	3	waapuro
mi	見	mi	0	hepburn
mk	見	mi	1	hepburn
k	見	mi	2	hepburn
im	見	mi	3	hepburn
mi	見	mi	0	kunrei
mu	見	mi	1	kunrei
m	見	mi	2	kunrei
imk	見	mi	3	kunrei
mi	見	mi	0	waapuro
mki	見	mi	1	waapuro
ki	見	mi	2	waapuro
i	見	mi	3	waapuro
iki	行き	iki	0	hepburn
ikij	行き	iki	1	hepburn
kij	行き	iki	2	hepburn
ki	行き	iki	3	hepburn
iki	行き	iki	0	kunrei
ki	行き	iki	1	kunrei
iki	行き	iki	2	kunrei
k	行き	iki	3	kunrei
iki	行き	iki	0	waapuro
ikji	行き	iki	1	waapuro
lii	行き	iki	2	waapuro
ukku	行き	iki	3	waapuro
aki	秋	aki	0	hepburn
zaki	秋	aki	1	hepburn
iak	秋	aki	2	hepburn
eak	秋	aki	3	hepburn
aki	秋	aki	0	kunrei
kai	秋	aki	1	kunrei
ii	秋	aki	2	kunrei
kik	秋	aki	3	kunrei
aki	秋	aki	0	waapuro
ak	秋	aki	1	waapuro
ai	秋	aki	2	waapuro
ok	秋	aki	3	waapuro
kouyou	紅葉	kouyou	0	hepburn
kohyou	紅葉	kouyou	1	hepburn
lkouyuo	紅葉	kouyou	2	hepburn
kiiouou	紅葉	kouyou	3	hepburn
kouyou	紅葉	kouyou	0	kunrei
okuyou	紅葉	kouyou	1	kunrei
kouyu	紅葉	kouyou	2	kunrei
kouuou	紅葉	kouyou	3	kunrei
kouyou	紅葉	kouyou	0	waapuro
kouou	紅葉	kouyou	1	waapuro
kojugyou	紅葉	kouyou	2	waapuro
koiuyi	紅葉	kouyou	3	waapuro
kirei	綺麗	kirei	0	hepburn
kkirei	綺麗	kirei	1	hepburn
kureio	綺麗	kirei	2	hepburn
kifir	綺麗	kirei	3	hepburn
kirei	綺麗	kirei	0	kunrei
kriei	綺麗	kirei	1	kunrei
oriei	綺麗	kirei	2	kunrei
jiie	綺麗	kirei	3	kunrei
kirei	綺麗	kirei	0	waapuro
kirsi	綺麗	kirei	1	waapuro
ikre	綺麗	kirei	2	waapuro
ireloi	綺麗	kirei	3	waapuro
haha	母	haha	0	hepburn
ahha	母	haha	1	hepburn
ahha	母	haha	2	hepburn
uhaa	母	haha	3	hepburn
haha	母	haha	0	kunrei
hayha	母	haha	1	kunrei
haa	母	haha	2	kunrei
hwh	母	haha	3	kunrei
haha	母	haha	0	waapuro
haah	母	haha	1	waapuro
aah	母	haha	2	waapuro
h	母	haha	3	waapuro
ryouri	料理	ryouri	0	hepburn
ryori	料理	ryouri	1	hepburn
dryouru	料理	ryouri	2	hepburn
ryourki	料理	ryouri	3	hepburn
ryouri	料理	ryouri	0	kunrei
royuri	料理	ryouri	1	kunrei
rour	料理	ryouri	2	kunrei
fryouril	料理	ryouri	3	kunrei
ryouri	料理	ryouri	0	waapuro
ryorui	料理	ryouri	1	waapuro
ryourlk	料理	ryouri	2	waapuro
eyuro	料理	ryouri	3	waapuro
tsukutsu	作っ	tsukutsu	0	hepburn
tuskutsu	作っ	tsukutsu	1	hepburn
ftsuutsu	作っ	tsukutsu	2	hepburn
tcdukutus	作っ	tsukutsu	3	hepburn
tukutsu	作っ	tukutsu	0	kunrei
ukutsu	作っ	tukutsu	1	kunrei
tukuftesu	作っ	tukutsu	2	kunrei
tukutsj	作っ	tukutsu	3	kunrei
tukutsu	作っ	tukutsu	0	waapuro
tjukutsu	作っ	tukutsu	1	waapuro
tkuutsju	作っ	tukutsu	2	waapuro
tuktusyh	作っ	tukutsu	3	waapuro
chichi	父	chichi	0	hepburn
chkchi	父	chichi	1	hepburn
chicji	父	chichi	2	hepburn
chichui	父	chichi	3	hepburn
titi	父	titi	0	kunrei
tii	父	titi	1	kunrei
tii	父	titi	2	kunrei
riyji	父	titi	3	kunrei
titi	父	titi	0	waapuro
tiit	父	titi	1	waapuro
tit	父	titi	2	waapuro
tiu	父	titi	3	waapuro
shinbun	新聞	shinbun	0	hepburn
shijnbun	新聞	shinbun	1	hepburn
shibbunj	新聞	shinbun	2	hepburn
sgjnubn	新聞	shinbun	3	hepburn
sinbun	新聞	sinbun	0	kunrei
sinbub	新聞	sinbun	1	kunrei
sinhun	新聞	sinbun	2	kunrei
sknbun	新聞	sinbun	3	kunrei
shinbun	新聞	shinbun	0	waapuro
sinbun	新聞	shinbun	1	waapuro
shinubnb	新聞	shinbun	2	waapuro
ehmibun	新聞	shinbun	3	waapuro
yon	読ん	yon	0	hepburn
yn	読ん	yon	1	hepburn
honm	読ん	yon	2	hepburn
y	読ん	yon	3	hepburn
yon	読ん	yon	0	kunrei
yonm	読ん	yon	1	kunrei
ynp	読ん	yon	2	kunrei
ypn	読ん	yon	3	kunrei
yon	読ん	yon	0	waapuro
hyon	読ん	yon	1	waapuro
yn	読ん	yon	2	waapuro
h	読ん	yon	3	waapuro
imouto	妹	imouto	0	hepburn
mouto	妹	imouto	1	hepburn
imuot	妹	imouto	2	hepburn
imouottr	妹	imouto	3	hepburn
imouto	妹	imouto	0	kunrei
imoyto	妹	imouto	1	kunrei
oimotuo	妹	imouto	2	kunrei
imoto	妹	imouto	3	kunrei
imouto	妹	imouto	0	waapuro
imoutok	妹	imouto	1	waapuro
mouo	妹	imouto	2	waapuro
iougk	妹	imouto	3	waapuro
gakkou	学校	gakkou	0	hepburn
gakkkou	学校	gakkou	1	hepburn
gakuo	学校	gakkou	2	hepburn
gaku	学校	gakkou	3	hepburn
gakkou	学校	gakkou	0	kunrei
gaikkou	学校	gakkou	1	kunrei
ahkkou	学校	gakkou	2	kunrei
akkiou	学校	gakkou	3	kunrei
gakkou	学校	gakkou	0	waapuro
gkkou	学校	gakkou	1	waapuro
gakkoh	学校	gakkou	2	waapuro
tgakoou	学校	gakkou	3	waapuro
shukudai	宿題	shukudai	0	hepburn
shukduai	宿題	shukudai	1	hepburn
hshukudai	宿題	shukudai	2	hepburn
shjuda	宿題	shukudai	3	hepburn
syukudai	宿題	syukudai	0	kunrei
sykuudai	宿題	syukudai	1	kunrei
syukud	宿題	syukudai	2	kunrei
ysuukdia	宿題	syukudai	3	kunrei
syukudai	宿題	syukudai	0	waapuro
syjkudai	宿題	syukudai	1	waapuro
syukuzdi	宿題	syukudai	2	waapuro
sykyuai	宿題	syukudai	3	waapuro
ani	兄	ani	0	hepburn
anik	兄	ani	1	hepburn
aibn	兄	ani	2	hepburn
k	兄	ani	3	hepburn
ani	兄	ani	0	kunrei
anio	兄	ani	1	kunrei
na	兄	ani	2	kunrei
ahiju	兄	ani	3	kunrei
ani	兄	ani	0	waapuro
anu	兄	ani	1	waapuro
ahniu	兄	ani	2	waapuro
zani	兄	ani	3	waapuro
jiten	自転	jiten	0	hepburn
ijten	自転	jiten	1	hepburn
jktej	自転	jiten	2	hepburn
jie	自転	jiten	3	hepburn
ziten	自転	ziten	0	kunrei
zietn	自転	ziten	1	kunrei
iztrn	自転	ziten	2	kunrei
zteh	自転	ziten	3	kunrei
jiten	自転	jiten	0	waapuro
joten	自転	jiten	1	waapuro
itjen	自転	jiten	2	waapuro
ujifne	自転	jiten	3	waapuro
sha	車	sha	0	hepburn
sa	車	sha	1	hepburn
swh	車	sha	2	hepburn
shw	車	sha	3	hepburn
sya	車	sya	0	kunrei
syas	車	sya	1	kunrei
sya	車	sya	2	kunrei
uqa	車	sya	3	kunrei
sya	車	sya	0	waapuro
syq	車	sya	1	waapuro
dyq	車	sya	2	waapuro
sutw	車	sya	3	waapuro
tsuukin	通勤	tsuukin	0	hepburn
tsuukni	通勤	tsuukin	1	hepburn
tsuukjin	通勤	tsuukin	2	hepburn
ysuyuki	通勤	tsuukin	3	hepburn
tuukin	通勤	tuukin	0	kunrei
tuuin	通勤	tuukin	1	kunrei
utiukin	通勤	tuukin	2	kunrei
tukmni	通勤	tuukin	3	kunrei
tuukin	通勤	tuukin	0	waapuro
tuuikn	通勤	tuukin	1	waapuro
ukuin	通勤	tuukin	2	waapuro
fuin	通勤	tuukin	3	waapuro
ekimae	駅前	ekimae	0	hepburn
eimae	駅前	ekimae	1	hepburn
ejiimae	駅前	ekimae	2	hepburn
oeimea	駅前	ekimae	3	hepburn
ekimae	駅前	ekimae	0	kunrei
eikmae	駅前	ekimae	1	kunrei
ekome	駅前	ekimae	2	kunrei
ekimwae	駅前	ekimae	3	kunrei
ekimae	駅前	ekimae	0	waapuro
ekmiae	駅前	ekimae	1	waapuro
ekimasd	駅前	ekimae	2	waapuro
sekikma	駅前	ekimae	3	waapuro
kissa	喫茶	kissa	0	hepburn
kisesa	喫茶	kissa	1	hepburn
kosaa	喫茶	kissa	2	hepburn
iisws	喫茶	kissa	3	hepburn
kissa	喫茶	kissa	0	kunrei
issa	喫茶	kissa	1	kunrei
kisss	喫茶	kissa	2	kunrei
kies	喫茶	kissa	3	kunrei
kissa	喫茶	kissa	0	waapuro
kssa	喫茶	kissa	1	waapuro
kizswa	喫茶	kissa	2	waapuro
kisdasz	喫茶	kissa	3	waapuro
ten	店	ten	0	hepburn
trn	店	ten	1	hepburn
n	店	ten	2	hepburn
y	店	ten	3	hepburn
ten	店	ten	0	kunrei
tsen	店	ten	1	kunrei
cfen	店	ten	2	kunrei
bt	店	ten	3	kunrei
ten	店	ten	0	waapuro
tn	店	ten	1	waapuro
n	店	ten	2	waapuro
nm	店	ten	3	waapuro
cha	茶	cha	0	hepburn
xha	茶	cha	1	hepburn
cbwa	茶	cha	2	hepburn
hfw	茶	cha	3	hepburn
tya	茶	tya	0	kunrei
tyq	茶	tya	1	kunrei
thtya	茶	tya	2	kunrei
fgay	茶	tya	3	kunrei
tya	茶	tya	0	waapuro
tay	茶	tya	1	waapuro
ta	茶	tya	2	waapuro
uya	茶	tya	3	waapuro
non	飲ん	non	0	hepburn
nn	飲ん	non	1	hepburn
nponb	飲ん	non	2	hepburn
nh	飲ん	non	3	hepburn
non	飲ん	non	0	kunrei
nin	飲ん	non	1	kunrei
non	飲ん	non	2	kunrei
	飲ん	non	3	kunrei
non	飲ん	non	0	waapuro
bnon	飲ん	non	1	waapuro
njn	飲ん	non	2	waapuro
bn	飲ん	non	3	waapuro
tosho	図書	tosho	0	hepburn
otsho	図書	tosho	1	hepburn
tsoo	図書	tosho	2	hepburn
oktosho	図書	tosho	3	hepburn
tosyo	図書	tosyo	0	kunrei
tosgo	図書	tosyo	1	kunrei
fgtosyo	図書	tosyo	2	kunrei
syo	図書	tosyo	3	kunrei
tosyo	図書	tosyo	0	waapuro
toso	図書	tosyo	1	waapuro
tyo	図書	tosyo	2	waapuro
tstoo	図書	tosyo	3	waapuro
kan	館	kan	0	hepburn
akn	館	kan	1	hepburn
knh	館	kan	2	hepburn
ahn	館	kan	3	hepburn
kan	館	kan	0	kunrei
lkan	館	kan	1	kunrei
qakn	館	kan	2	kunrei
kqb	館	kan	3	kunrei
kan	館	kan	0	waapuro
kna	館	kan	1	waapuro
kb	館	kan	2	waapuro
ka	館	kan	3	waapuro
shizuka	静か	shizuka	0	hepburn
sihzuka	静か	shizuka	1	hepburn
hzuka	静か	shizuka	2	hepburn
sjizkaq	静か	shizuka	3	hepburn
sizuka	静か	sizuka	0	kunrei
izuka	静か	sizuka	1	kunrei
asizkua	静か	sizuka	2	kunrei
suizak	静か	sizuka	3	kunrei
shizuka	静か	shizuka	0	waapuro
hsizuka	静か	shizuka	1	waapuro
shizjukza	静か	shizuka	2	waapuro
sizumkaz	静か	shizuka	3	waapuro
hon	本	hon	0	hepburn
jhon	本	hon	1	hepburn
hjo	本	hon	2	hepburn
on	本	hon	3	hepburn
hon	本	hon	0	kunrei
hno	本	hon	1	kunrei
ho	本	hon	2	kunrei
	本	hon	3	kunrei
hon	本	hon	0	waapuro
hojn	本	hon	1	waapuro
ohn	本	hon	2	waapuro
hnilo	本	hon	3	waapuro
yomu	読む	yomu	0	hepburn
you	読む	yomu	1	hepburn
yoju	読む	yomu	2	hepburn
ymoio	読む	yomu	3	hepburn
yomu	読む	yomu	0	kunrei
youm	読む	yomu	1	kunrei
oymj	読む	yomu	2	kunrei
yojk	読む	yomu	3	kunrei
yomu	読む	yomu	0	waapuro
yom	読む	yomu	1	waapuro
oym	読む	yomu	2	waapuro
kymh	読む	yomu	3	waapuro
shiken	試験	shiken	0	hepburn
shikren	試験	shiken	1	hepburn
xsiken	試験	shiken	2	hepburn
sghjikeb	試験	shiken	3	hepburn
siken	試験	siken	0	kunrei
sikenj	試験	siken	1	kunrei
iksen	試験	siken	2	kunrei
soikn	試験	siken	3	kunrei
shiken	試験	shiken	0	waapuro
shiksn	試験	shiken	1	waapuro
hkien	試験	shiken	2	waapuro
dhkwen	試験	shiken	3	waapuro
kekka	結果	kekka	0	hepburn
ekka	結果	kekka	1	hepburn
kekka	結果	kekka	2	hepburn
kekamk	結果	kekka	3	hepburn
kekka	結果	kekka	0	kunrei
krkka	結果	kekka	1	kunrei
kekkaza	結果	kekka	2	kunrei
okekks	結果	kekka	3	kunrei
kekka	結果	kekka	0	waapuro
kekka	結果	kekka	1	waapuro
kwekak	結果	kekka	2	waapuro
kskkaq	結果	kekka	3	waapuro
shinpai	心配	shinpai	0	hepburn
shinpzi	心配	shinpai	1	hepburn
shipai	心配	shinpai	2	hepburn
shbipai	心配	shinpai	3	hepburn
sinpai	心配	sinpai	0	kunrei
sipai	心配	sinpai	1	kunrei
xinai	心配	sinpai	2	kunrei
dsibnai	心配	sinpai	3	kunrei
shinpai	心配	shinpai	0	waapuro
shjinpai	心配	shinpai	1	waapuro
shinopwi	心配	shinpai	2	waapuro
snhinpza	心配	shinpai	3	waapuro
raishuu	来週	raishuu	0	hepburn
raisbuu	来週	raishuu	1	hepburn
rwaihsuu	来週	raishuu	2	hepburn
aiuhu	来週	raishuu	3	hepburn
raisyuu	来週	raisyuu	0	kunrei
daisyuu	来週	raisyuu	1	kunrei
arisyu	来週	raisyuu	2	kunrei
raieyuj	来週	raisyuu	3	kunrei
raisyuu	来週	raisyuu	0	waapuro
raishuu	来週	raisyuu	1	waapuro
rsaiyuu	来週	raisyuu	2	waapuro
riasjyu	来週	raisyuu	3	waapuro
atarashii	新しい	atarashii	0	hepburn
atatashii	新しい	atarashii	1	hepburn
atarahii	新しい	atarashii	2	hepburn
taarshi	新しい	atarashii	3	hepburn
atarasii	新しい	atarasii	0	kunrei
ataradii	新しい	atarasii	1	kunrei
araasii	新しい	atarasii	2	kunrei
aatrasii	新しい	atarasii	3	kunrei
atarashii	新しい	atarashii	0	waapuro
taarashii	新しい	atarashii	1	waapuro
afarashiki	新しい	atarashii	2	waapuro
zaytarawhii	新しい	atarashii	3	waapuro
shigoto	仕事	shigoto	0	hepburn
shigoro	仕事	shigoto	1	hepburn
eshigotoi	仕事	shigoto	2	hepburn
ishgtoo	仕事	shigoto	3	hepburn
sigoto	仕事	sigoto	0	kunrei
sigofto	仕事	sigoto	1	kunrei
soivgoto	仕事	sigoto	2	kunrei
sjigo	仕事	sigoto	3	kunrei
shigoto	仕事	shigoto	0	waapuro
higoto	仕事	shigoto	1	waapuro
sighoto	仕事	shigoto	2	waapuro
shioto	仕事	shigoto	3	waapuro
hajimaru	始まる	hajimaru	0	hepburn
hjaimaru	始まる	hajimaru	1	hepburn
ajimaeru	始まる	hajimaru	2	hepburn
haiaeu	始まる	hajimaru	3	hepburn
hazimaru	始まる	hazimaru	0	kunrei
hazinaru	始まる	hazimaru	1	kunrei
hazimzruj	始まる	hazimaru	2	kunrei
hazimwwafru	始まる	hazimaru	3	kunrei
hajimaru	始まる	hajimaru	0	waapuro
hjaimaru	始まる	hajimaru	1	waapuro
hqjiamru	始まる	hajimaru	2	waapuro
bsjimatu	始まる	hajimaru	3	waapuro
kippu	切符	kippu	0	hepburn
kippju	切符	kippu	1	hepburn
kipu	切符	kippu	2	hepburn
kipyg	切符	kippu	3	hepburn
kippu	切符	kippu	0	kunrei
kippu	切符	kippu	1	kunrei
mkipu	切符	kippu	2	kunrei
kipouj	切符	kippu	3	kunrei
kippu	切符	kippu	0	waapuro
kipu	切符	kippu	1	waapuro
kppiu	切符	kippu	2	waapuro
ikiup	切符	kippu	3	waapuro
katsu	買っ	katsu	0	hepburn
kafsu	買っ	katsu	1	hepburn
ktas	買っ	katsu	2	hepburn
asti	買っ	katsu	3	hepburn
katsu	買っ	katsu	0	kunrei
kasu	買っ	katsu	1	kunrei
iqtsu	買っ	katsu	2	kunrei
kqtu	買っ	katsu	3	kunrei
katsu	買っ	katsu	0	waapuro
lkatsu	買っ	katsu	1	waapuro
ktus	買っ	katsu	2	waapuro
taus	買っ	katsu	3	waapuro
densha	電車	densha	0	hepburn
dnsha	電車	densha	1	hepburn
dmesha	電車	densha	2	hepburn
desnq	電車	densha	3	hepburn
densya	電車	densya	0	kunrei
denxya	電車	densya	1	kunrei
ednsa	電車	densya	2	kunrei
fenysz	電車	densya	3	kunrei
densya	電車	densya	0	waapuro
dnsya	電車	densya	1	waapuro
dejzsya	電車	densya	2	waapuro
rdensha	電車	densya	3	waapuro
notsu	乗っ	notsu	0	hepburn
nktsu	乗っ	notsu	1	hepburn
nktdu	乗っ	notsu	2	hepburn
osyu	乗っ	notsu	3	hepburn
notsu	乗っ	notsu	0	kunrei
ntosu	乗っ	notsu	1	kunrei
notzuy	乗っ	notsu	2	kunrei
ots	乗っ	notsu	3	kunrei
notsu	乗っ	notsu	0	waapuro
nptsu	乗っ	notsu	1	waapuro
notjsu	乗っ	notsu	2	waapuro
bgtosu	乗っ	notsu	3	waapuro
happyou	発表	happyou	0	hepburn
hsppyou	発表	happyou	1	hepburn
hsppgou	発表	happyou	2	hepburn
haplpoi	発表	happyou	3	hepburn
happyou	発表	happyou	0	kunrei
hsappyou	発表	happyou	1	kunrei
ghappyo	発表	happyou	2	kunrei
hplpyoju	発表	happyou	3	kunrei
happyou	発表	happyou	0	waapuro
halpyou	発表	happyou	1	waapuro
happyul	発表	happyou	2	waapuro
haphyo	発表	happyou	3	waapuro
raishuu	来週	raishuu	0	hepburn
raoshuu	来週	raishuu	1	hepburn
rihsuu	来週	raishuu	2	hepburn
rzqaisuu	来週	raishuu	3	hepburn
raisyuu	来週	raisyuu	0	kunrei
raisyiu	来週	raisyuu	1	kunrei
asyuu	来週	raisyuu	2	kunrei
fdaisyiu	来週	raisyuu	3	kunrei
raisyuu	来週	raisyuu	0	waapuro
aisyuu	来週	raisyuu	1	waapuro
rqisyu	来週	raisyuu	2	waapuro
rsaiyuy	来週	raisyuu	3	waapuro
getsuyou	月曜	getsuyou	0	hepburn
getsuyu	月曜	getsuyou	1	hepburn
getsuoyiu	月曜	getsuyou	2	hepburn
dgtsuoyu	月曜	getsuyou	3	hepburn
getuyou	月曜	getuyou	0	kunrei
getuypou	月曜	getuyou	1	kunrei
gweutyou	月曜	getuyou	2	kunrei
gyetuou	月曜	getuyou	3	kunrei
getuyou	月曜	getuyou	0	waapuro
grtuyou	月曜	getuyou	1	waapuro
egtuou	月曜	getuyou	2	waapuro
yehtyou	月曜	getuyou	3	waapuro
hi	日	hi	0	hepburn
h	日	hi	1	hepburn
o	日	hi	2	hepburn
fui	日	hi	3	hepburn
hi	日	hi	0	kunrei
ih	日	hi	1	kunrei
hg	日	hi	2	kunrei
s	日	hi	3	kunrei
hi	日	hi	0	waapuro
i	日	hi	1	waapuro
oh	日	hi	2	waapuro
n	日	hi	3	waapuro
kagi	鍵	kagi	0	hepburn
jkagi	鍵	kagi	1	hepburn
kaj	鍵	kagi	2	hepburn
kawi	鍵	kagi	3	hepburn
kagi	鍵	kagi	0	kunrei
ksgi	鍵	kagi	1	kunrei
kagkij	鍵	kagi	2	kunrei
k	鍵	kagi	3	kunrei
kagi	鍵	kagi	0	waapuro
kagui	鍵	kagi	1	waapuro
aig	鍵	kagi	2	waapuro
akoig	鍵	kagi	3	waapuro
mitsukara	見つから	mitsukara	0	hepburn
mtisukara	見つから	mitsukara	1	hepburn
mitshkaa	見つから	mitsukara	2	hepburn
istukatra	見つから	mitsukara	3	hepburn
mitukara	見つから	mitukara	0	kunrei
mituikara	見つから	mitukara	1	kunrei
mijtukara	見つから	mitukara	2	kunrei
mitkaqr	見つから	mitukara	3	kunrei
mitukara	見つから	mitukara	0	waapuro
mituakra	見つから	mitukara	1	waapuro
mityukaa	見つから	mitukara	2	waapuro
nijukara	見つから	mitukara	3	waapuro
